{
	"format_version": "1.8.0",
	"animations": {
		"smith": {
			"animation_length": 3.25,
			"bones": {
				"torso": {
					"rotation": {
						"0.0": {
							"vector": [0, 0, 0]
						},
						"0.5": {
							"vector": [27.5, 0, 0]
						},
						"1.0": {
							"vector": [17.86635, -11.43692, -3.6572]
						},
						"1.25": {
							"vector": [20.25313, 9.53274, 3.03513]
						},
						"1.75": {
							"vector": [17.86635, -11.43692, -3.6572]
						},
						"2.0": {
							"vector": [20.25313, 9.53274, 3.03513]
						},
						"2.5": {
							"vector": [17.86635, -11.43692, -3.6572]
						},
						"2.75": {
							"vector": [20.25313, 9.53274, 3.03513]
						},
						"3.25": {
							"vector": [0, 0, 0]
						}
					},
					"position": {
						"0.0": {
							"vector": [0, 0, 0]
						},
						"0.5": {
							"vector": [0, -2, -5]
						},
						"1.0": {
							"vector": [0, 0, -4]
						},
						"1.25": {
							"vector": [0, -0.9, -4.3]
						},
						"1.75": {
							"vector": [0, 0, -4]
						},
						"2.0": {
							"vector": [0, -0.9, -4.3]
						},
						"2.5": {
							"vector": [0, 0, -4]
						},
						"2.75": {
							"vector": [0, -0.9, -4.3]
						},
						"3.25": {
							"vector": [0, 0, 0]
						}
					}
				},
				"head": {
					"rotation": {
						"0.0": {
							"vector": [0, 0, 0]
						},
						"0.5": {
							"vector": [52.5, 0, 0]
						},
						"1.0": {
							"vector": [57.5, 0, 0]
						},
						"1.1667": {
							"vector": [56.06172, 4.20377, 6.21673]
						},
						"1.5": {
							"vector": [52.5, 0, 0]
						},
						"1.75": {
							"vector": [57.5, 0, 0]
						},
						"1.9167": {
							"vector": [56.06172, 4.20377, 6.21673]
						},
						"2.25": {
							"vector": [52.5, 0, 0]
						},
						"2.5": {
							"vector": [57.5, 0, 0]
						},
						"2.6667": {
							"vector": [56.06172, 4.20377, 6.21673]
						},
						"3.0417": {
							"vector": [30.4, 0, 0]
						},
						"3.25": {
							"vector": [0, 0, 0]
						}
					},
					"position": {
						"0.0": {
							"vector": [0, 0, 0]
						},
						"0.5": {
							"vector": [0, -2, -6]
						},
						"1.0": {
							"vector": [0, -0.5, -4]
						},
						"1.1667": {
							"vector": [-0.2, -1.83, -4.97]
						},
						"1.5": {
							"vector": [0, -1.1, -4.9]
						},
						"1.75": {
							"vector": [0, -0.5, -4]
						},
						"1.9167": {
							"vector": [-0.2, -1.83, -4.97]
						},
						"2.25": {
							"vector": [0, -1.1, -4.9]
						},
						"2.5": {
							"vector": [0, -0.5, -4]
						},
						"2.6667": {
							"vector": [-0.2, -1.83, -4.97]
						},
						"3.0417": {
							"vector": [0, -0.91, -2.75]
						},
						"3.25": {
							"vector": [0, 0, 0]
						}
					}
				},
				"right_arm": {
					"rotation": {
						"0.0": {
							"vector": [0, 0, 0]
						},
						"0.5": {
							"vector": [-42.5, -20, 0]
						},
						"1.0": {
							"vector": [-36.12441, -13.99196, -4.69715]
						},
						"1.75": {
							"vector": [-36.12441, -13.99196, -4.69715]
						},
						"2.5": {
							"vector": [-36.12441, -13.99196, -4.69715]
						},
						"3.25": {
							"vector": [0, 0, 0]
						}
					},
					"position": {
						"0.0": {
							"vector": [0, 0, 0]
						},
						"0.5": {
							"vector": [0, -3, -4]
						},
						"3.25": {
							"vector": [0, 0, 0]
						}
					}
				},
				"left_arm": {
					"rotation": {
						"0.0": {
							"vector": [0, 0, 0]
						},
						"0.5": {
							"vector": [-37.5, 0, 0]
						},
						"1.0": {
							"vector": [-162.24687, 9.53274, 3.03513]
						},
						"1.25": {
							"vector": [-47.21156, -9.33615, 23.1319]
						},
						"1.75": {
							"vector": [-162.24687, 9.53274, 3.03513]
						},
						"2.0": {
							"vector": [-47.21156, -9.33615, 23.1319]
						},
						"2.5": {
							"vector": [-162.24687, 9.53274, 3.03513]
						},
						"2.75": {
							"vector": [-47.21156, -9.33615, 23.1319]
						},
						"3.25": {
							"vector": [0, 0, 0]
						}
					},
					"position": {
						"0.0": {
							"vector": [0, 0, 0]
						},
						"0.5": {
							"vector": [0, -3, -4]
						},
						"1.0": {
							"vector": [0, -2, -4]
						},
						"1.75": {
							"vector": [0, -2, -4]
						},
						"2.5": {
							"vector": [0, -2, -4]
						},
						"3.25": {
							"vector": [0, 0, 0]
						}
					}
				},
				"right_leg": {
					"rotation": {
						"0.0": {
							"vector": [0, 0, 0]
						},
						"0.5": {
							"vector": [-7.5, 0, 0]
						},
						"1.0": {
							"vector": [-12.5, 0, 0]
						},
						"1.25": {
							"vector": [-6.5, 0, 0]
						},
						"1.75": {
							"vector": [-12.5, 0, 0]
						},
						"2.0": {
							"vector": [-6.5, 0, 0]
						},
						"2.5": {
							"vector": [-12.5, 0, 0]
						},
						"2.75": {
							"vector": [-6.5, 0, 0]
						},
						"3.25": {
							"vector": [0, 0, 0]
						}
					},
					"position": {
						"0.0": {
							"vector": [0, 0, 0]
						},
						"1.25": {
							"vector": [0, 0, -0.2]
						},
						"2.0": {
							"vector": [0, 0, -0.2]
						},
						"2.75": {
							"vector": [0, 0, -0.2]
						},
						"3.25": {
							"vector": [0, 0, 0]
						}
					}
				},
				"left_leg": {
					"rotation": {
						"0.0": {
							"vector": [0, 0, 0]
						},
						"0.5": {
							"vector": [10, 0, 0]
						},
						"1.0": {
							"vector": [5, 0, 0]
						},
						"1.25": {
							"vector": [11, 0, 0]
						},
						"1.75": {
							"vector": [5, 0, 0]
						},
						"2.0": {
							"vector": [11, 0, 0]
						},
						"2.5": {
							"vector": [5, 0, 0]
						},
						"2.75": {
							"vector": [11, 0, 0]
						},
						"3.25": {
							"vector": [0, 0, 0]
						}
					},
					"position": {
						"0.0": {
							"vector": [0, 0, 0]
						},
						"0.5": {
							"vector": [0, 0, 0]
						},
						"1.25": {
							"vector": [0, 0, 0]
						},
						"2.0": {
							"vector": [0, 0, 0]
						},
						"2.75": {
							"vector": [0, 0, 0]
						},
						"3.25": {
							"vector": [0, 0, 0]
						}
					}
				}
			}
		}
	},
	"geckolib_format_version": 2
}